Model,Accuracy,Precision,Recall,F1 Score,ROC AUC
Random Forest,1.0,1.0,1.0,1.0,1.0
Decision Tree,1.0,1.0,1.0,1.0,1.0
Logistic Regression,0.9991388219083707,0.9993060374739764,0.9989594172736732,0.9991326973113617,0.999997567345662
SVM,0.9996555287633483,0.9996531390912244,0.9996531390912244,0.9996531390912244,0.9999996440018042
XGBoost,1.0,1.0,1.0,1.0,1.0
